,Version,Current_Time,dt,T_0,T_1,T_2,T_3,T_4,T_5,T_6,T_7,T_8,T_9,T_10,T_11,T_12,T_13,T_14,T_15,T_16,T_17,T_18,T_19,T_20,T_21,T_22,T_23,T_24,T_25,T_26,T_27,T_28,T_29,T_30,T_31,T_32,T_33,T_34,T_35,T_warm,dT_warm,R_warm,dR_warm,PSI
0,0.1.1,0.0,0.05,34.0,34.0,34.0,34.0,34.0,34.0,34.0,34.0,34.0,34.0,34.0,34.0,34.0,34.0,34.0,34.0,34.0,34.0,34.0,34.0,34.0,34.0,34.0,34.0,34.0,34.0,34.0,34.0,34.0,34.0,34.0,34.0,34.0,34.0,34.0,34.0,34.0,,,,
1,0.1.1,1.0,0.05,34.0,34.0,34.0,34.0,34.0,34.0,34.0,34.0,34.0,34.0,34.0,34.0,34.0,34.0,34.0,34.0,34.0,34.0,34.0,33.99999999999998,33.999999999999446,33.99999999998924,33.999999999835204,33.99999999795494,33.99999997906763,33.99999982097009,33.99999870827674,33.99999208180451,33.99995854209377,33.99981383708742,33.999280651492604,33.997600690059166,33.993069051121964,33.98258575948861,33.96172146007302,33.92579096558475,33.99132183584974,-0.00043390820751305627,1.4966664792848547,,
2,0.1.1,2.0,0.05,34.0,34.0,34.0,34.0,34.0,34.0,34.0,34.0,34.0,34.0,34.0,34.0,33.99999999999997,33.99999999999979,33.999999999998266,33.999999999987295,33.999999999914486,33.9999999994713,33.9999999969949,33.99999998428054,33.99999992425671,33.99999966355948,33.99999862149791,33.99999478706806,33.99998179666676,33.999941274316775,33.99982487739101,33.99951698695104,33.998766878485,33.99708322769168,33.99359982217719,33.98695101097566,33.97522833644608,33.95610088657233,33.9271437001961,33.886327580439755,33.97204042813379,-0.0009640703857975553,0.8643220241743137,-0.632344455110541,
3,0.1.1,3.0,0.05,34.0,34.0,34.0,34.0,34.0,34.0,33.99999999999999,33.99999999999994,33.99999999999966,33.99999999999815,33.99999999999057,33.99999999995451,33.99999999979231,33.99999999910205,33.99999999632306,33.99999998573725,33.99999994758333,33.99999981746578,33.99999939760073,33.99999811571834,33.99999441287961,33.99998429352817,33.999958130449684,33.99989413646534,33.99974605045076,33.99942182637684,33.99875009811407,33.99743287849256,33.994987270215645,33.9906860774017,33.98351558480439,33.9721747795325,33.9551390412364,33.93079914813947,33.89766402950516,33.854589841638855,33.951082392386915,-0.0010479017873436193,0.7285147829489773,-0.13580724122533638,
4,0.1.1,4.0,0.05,34.0,34.0,33.99999999999998,33.9999999999999,33.99999999999955,33.99999999999807,33.999999999991964,33.999999999967926,33.999999999877225,33.99999999954908,33.9999999984108,33.99999999462498,33.99999998255301,33.99999994564783,33.99999983748705,33.99999953360466,33.99999871518751,33.99999660238597,33.9999913743109,33.999978974556576,33.999950786295244,33.99988936594276,33.999761085129194,33.9995042539168,33.99901128438295,33.99810398596789,33.99650245153904,33.99379033369349,33.98938240211995,33.982503366881375,33.972188794780216,33.95731809930065,33.936685049813164,33.90910316946263,33.87353348301511,33.829213368744746,33.93208806975474,-0.0009497161316087244,0.8004940721077105,0.0719792891587332,
5,0.1.1,5.0,0.05,33.99999999999979,33.999999999998934,33.999999999996014,33.99999999998584,33.99999999995138,33.99999999983851,33.99999999948126,33.99999999838835,33.999999995156855,33.99999998592277,33.999999960422464,33.99999989237072,33.99999971687847,33.99999927957256,33.99999822662409,33.99999577693179,33.99999027024467,33.99997831000105,33.99995321065781,33.999902316702034,33.999802599827795,33.99961380215945,33.999268349399436,33.99865741163984,33.997612956847604,33.99588650948756,33.99312659166568,33.9888583305994,33.982470119177,33.97321301083449,33.96021816913718,33.94253578558798,33.91919541252826,33.889283143733984,33.85202653200354,33.806874850769155,33.914210034395886,-0.0008939017679427508,0.8272500886958909,0.026756016588180387,
6,0.1.1,6.0,0.05,33.99999999998923,33.99999999995284,33.99999999985373,33.999999999570015,33.99999999877391,33.99999999660138,33.99999999083997,33.99999997599422,33.99999993882631,33.99999984841711,33.999999634757124,33.999999144200736,33.99999804999025,33.999995678875386,33.99999068726474,33.999980478682566,33.99996019572432,33.99992104427481,33.99984762155725,33.99971383845782,33.99947697932035,33.99906947149932,33.99838809413565,33.99728069010328,33.99553098385646,33.992842830954444,33.98882604271983,33.98298667323137,33.974725093663245,33.963345062572834,33.94807614047265,33.928110146833866,33.9026500804037,33.870967404617424,33.83246138698399,33.78671285548066,33.89736963443932,-0.0008420199978282028,0.8516768713110566,0.024426782615165732,
7,0.1.1,7.0,0.05,33.99999999981287,33.999999999249724,33.99999999795268,33.99999999474831,33.999999986914894,33.99999996819806,33.99999992456462,33.99999982534513,33.99999960528507,33.99999912924543,33.99999812486784,33.999996058061974,33.999991909951255,33.99998379004485,33.99996828735642,33.99993941865106,33.99988698319043,33.99979408263,33.99963352518886,33.99936282353514,33.998917540487945,33.998202862519285,33.997083510776335,33.99537244161911,33.992819227131456,33.98909949007696,33.983807209342224,33.97645199315288,33.96646341093539,33.95320407595873,33.93599233529246,33.91413419895889,33.88696268097483,33.85388127918528,33.81440718560086,33.76820927320315,33.881449114009904,-0.0007960260214709081,0.8713490839723904,0.019672212661333788,
8,0.1.1,8.0,0.05,33.999999998353786,33.99999999378833,33.999999984552694,33.99999996422059,33.99999991952153,33.999999823033434,33.9999996191483,33.99999919764902,33.999998345209534,33.99999665874513,33.99999339484401,33.999987215454865,33.99997577065947,33.99995503430278,33.9999182781595,33.99985453771466,33.99974639271753,33.99956686692922,33.99927525582203,33.998811732841666,33.9980906789764,33.99699283813309,33.99535662511163,33.992969192857544,33.989558172032375,33.98478528013663,33.97824319482957,33.96945712559926,33.95789233696006,33.94296843903296,33.924080575640176,33.900626768300306,33.87203973285112,33.83782062891579,33.79757159725589,33.75102372780644,33.8663365488619,-0.0007556282574000761,0.8863694494357192,0.015020365463328744,
9,0.1.1,9.0,0.05,33.99999999087468,33.99999996703579,33.999999923518075,33.99999983624914,33.999999659993414,33.999999308917076,33.999998622394834,33.99999730570723,33.99999482943281,33.99999026289569,33.99998200540038,33.99996736378644,33.99994190615482,33.999898500393115,33.99982592457588,33.999706918345126,33.99951553582438,33.99921366915215,33.998746646162054,33.99803787468195,33.996982615584926,33.99544111819396,33.99323153802027,33.99012326094696,33.9858314516916,33.980013790183904,33.97227041514447,33.962148020201056,33.94914881711174,33.93274468763542,33.91239631382394,33.88757646085784,33.857795968877085,33.82263048808219,33.78174566083107,33.73491839082097,33.85193505541127,-0.0007200746725317231,0.8973864775870055,0.011017028151286357,
10,0.1.1,10.0,0.05,33.99999996578898,33.99999988017738,33.99999973575081,33.99999946671768,33.999998958339305,33.99999800705371,33.999996255049496,33.999993083903185,33.999987444907255,33.99997759437762,33.99996069042738,33.99993219368979,33.99988499914739,33.99980821132801,33.9996854635053,33.9994926772286,33.999195166608295,33.99874401801402,33.99807172566199,33.997087140884496,33.9956698984496,33.9936646130596,33.99087528284556,33.98706047727859,33.981930001391554,33.975143789793435,33.96631376618756,33.955009286031135,33.940766551882156,33.9231020593046,33.90152972132364,33.8755808751607,33.84482595416574,33.808896274201366,33.76750419608338,33.72045992679513,33.83883767417168,-0.0006548690619794684,0.9442219989263521,0.04683552133934654,
11,0.1.1,11.0,0.05,33.999999891604915,33.9999996296946,33.99999921691792,33.99999849689864,33.99999721444911,33.99999494318357,33.99999097398937,33.99998414391234,33.999972577704895,33.99995330523833,33.999921707541375,33.99987073317446,33.99978981635311,33.999663420772094,33.99946913126977,33.999175222755966,33.99873765597028,33.99809648616888,33.997171726266444,33.995858780806444,33.99402365893436,33.991498277020405,33.98807626422261,33.98350977267879,33.97750785102689,33.969736947864085,33.95982405524076,33.947362871794155,33.93192316008074,33.913063203773206,33.89034496032758,33.86335118673855,33.83170353021829,33.79508036350955,33.75323304219028,33.70599929296222,33.82559966910017,-0.0006619002535753538,0.9098710541959462,-0.0343509447304059,
12,0.1.1,12.0,0.05,33.999999714734564,33.99999904415623,33.999998044938415,33.999996396930825,33.99999360638371,33.99998888967139,33.99998100362461,33.999967997906936,33.999946858120744,33.999913000607194,33.99985957188273,33.9997764984014,33.999649227377,33.99945709874504,33.99917129437995,33.998752325971765,33.99814704989778,33.997285237711864,33.99607578495869,33.994402707443484,33.99212114895529,33.989053701128604,33.98498740537601,33.979671857358866,33.972818854180666,33.9641040021697,33.95317063048682,33.93963622960579,33.923101457497246,33.90316154135627,33.87941966775329,33.85150172399471,33.819071556319074,33.78184577382593,33.73960707344754,33.69221510482447,33.81286725923688,-0.0006366204931644859,0.9127195661295389,0.002848511933592701,
13,0.1.1,13.0,0.05,33.999999349866364,33.9999978547608,33.99999572850427,33.99999238681692,33.99998697119822,33.99997817867851,33.99996402493405,33.9999415133984,33.99990617748251,33.99985145727259,33.99976786695375,33.99964190585906,33.9994546659268,33.999180093166224,33.99878287229251,33.99821592367672,33.99741753140365,33.99630816094505,33.99478707390563,33.99272890305708,33.98998040919063,33.98635769612873,33.981644203972465,33.97558982491847,33.967911482524556,33.95829547734768,33.946401825447495,33.931870701449604,33.91433094976566,33.8934104564995,33.868747995611315,33.84000599456956,33.80688352683021,33.76912874962137,33.72654998026581,33.67902465082336,33.80059106396207,-0.000613809763740747,0.9137151925344966,0.0009956264049577612,
14,0.1.1,14.0,0.05,33.99999867769777,33.99999569040147,33.99999160529156,33.999985448166356,33.9999758461691,33.999960795758405,33.999937353103434,33.999901218146306,33.999846179676375,33.99976338527126,33.99964039776284,33.99946000007126,33.99919871406871,33.9988250079049,33.99829718117854,33.99756093940812,33.996546698822364,33.99516669911601,33.9933120439867,33.99084983423162,33.98762060190441,33.98343629135695,33.97807905800523,33.971301162303575,33.96282621927096,33.95235201912349,33.939555060711506,33.92409683830314,33.90563179916152,33.883816753255275,33.85832137924384,33.82883934641193,33.79509947467961,33.756876296944924,33.71399937936169,33.666360800503746,33.78872894505716,-0.000593105945245398,0.9131792314394714,-0.0005359610950251836,
15,0.1.1,15.0,0.05,33.999997545928814,33.999992082117004,33.99998485419214,33.99997435107649,33.99995851909388,33.999934463098576,33.99989806219595,33.99984347121081,33.999762476919365,33.99964367680253,33.99947144852894,33.99922468147934,33.998875248368044,33.99838620633561,33.997709733511336,33.99678482933659,33.995534834703214,33.99386486026713,33.991659246351006,33.988779212946014,33.9850608899027,33.98031394127015,33.97432100942478,33.96683819987316,33.95759680298744,33.946306402462675,33.932659452019855,33.91633731430378,33.89701765411359,33.874382969546716,33.84812993870604,33.81797916669772,33.7836848479997,33.74504382180669,33.70190349898061,33.654168181528064,33.777244676967534,-0.0005742134044812276,0.9113703409160934,-0.0018088905233780705,
16,0.1.1,16.0,0.05,33.99999577368446,33.999986477491646,33.999974522923864,33.999957699774946,33.99993309748047,33.9998967371531,33.99984311379144,33.99976462081854,33.999650828661466,33.99948758983533,33.99925594565731,33.9989308150473,33.99847945459426,33.99785969177228,33.99701795021818,33.99588710728718,33.994384249133205,33.99240841615007,33.989838459931896,33.98653115949536,33.98231976635239,33.97701316181763,33.970395812372,33.962228697078835,33.95225135290169,33.94018513852017,33.925737755729244,33.90860899243066,33.888497567135516,33.865108867984794,33.83816329692227,33.807404859675536,33.77260959212918,33.73359338979738,33.690218813666036,33.6424004842292,33.76610689174055,-0.0005568892613492693,0.9084978107699158,-0.00287253014617761,
17,0.1.1,17.0,0.05,33.99999315831321,33.999978261728174,33.999959565230995,33.99993398844216,33.99989758525982,33.99984510713053,33.9997694754077,33.99966113678643,33.999507276861316,33.99929086928548,33.99898954239129,33.99857425202987,33.998007759280426,33.99724292488401,33.99622084881673,33.99486890302566,33.99309872725886,33.990804280895695,33.98786006600238,33.98411965634678,33.97941468135047,33.97355442037805,33.966326158971846,33.957496442712035,33.94681333518816,33.93400974405604,33.91880782456785,33.900924405935235,33.880077316385474,33.855992412875786,33.8284110569386,33.79709772502477,33.761847405550334,33.72249242013399,33.67890831610525,33.63101851208308,33.755288241314275,-0.000540932521313664,0.9047320587572472,-0.0037657520126685995,
18,0.1.1,18.0,0.05,33.99998948338493,33.99996678188132,33.999938881919135,33.999901659493716,33.99984995794839,33.99977708499895,33.99967422074493,33.99952971307343,33.999328239158594,33.99904981550314,33.99866864458674,33.99815179406949,33.997457714921474,33.99653461791147,33.99531874343204,33.99373257719648,33.99168308308755,33.98906004316507,33.98573461200405,33.98155820631332,33.976361859212446,33.96995616968532,33.96213196988906,33.95266181496154,33.94130237122763,33.92779773963511,33.91188370325645,33.89329283321718,33.87176032985966,33.847030419474585,33.81886307611302,33.78704079742332,33.751375137293415,33.711712689568785,33.66794022821223,33.61998874033418,33.744764729339316,-0.0005261755987479689,0.900212788080907,-0.00451927067634017,
19,0.1.1,19.0,0.05,33.999984526859535,33.99995137125702,33.99991136105335,33.999859158503874,33.99978823011151,33.999690281653436,33.999554608582685,33.99936734099303,33.99911056558828,33.9987613117866,33.99829039551419,33.99766112263155,33.99682786440457,33.99573452991831,33.99431297454888,33.992481399004916,33.99014280918997,33.98718362210716,33.98347251587953,33.978859631187774,33.97317623548483,33.96623495879281,33.95783069955711,33.94774228020719,33.9357349046466,33.92156343448838,33.904976458886004,33.88572108648891,33.8635483402669,33.83821899009591,33.80950961771209,33.77721867747949,33.7411722975071,33.701229561365544,33.65728702231981,33.6092822296994,33.73451517481684,-0.0005124777261237057,0.8950552963751336,-0.005157491705773398,
20,0.1.1,20.0,0.05,33.99997806866873,33.999931371817205,33.99987591409664,33.99980498205107,33.99971051168925,33.999582467031175,33.99940814035404,33.99917135629562,33.99885156590337,33.99842282202474,33.997852634294496,33.9971007104944,33.99611760122554,33.994843276472025,33.99320567538171,33.991119283863746,33.98848380760484,33.98518301983921,33.98108387252239,33.97603596523189,33.969871466950636,33.9624055808284,33.95343763028835,33.94275282608256,33.93012474824899,33.9153185451259,33.898094814999986,33.878214096554515,33.85544185448812,33.82955380927408,33.800341427921815,33.76761736855929,33.73122065805514,33.69102138048653,33.646924665932616,33.598873793758436,33.72452077846037,-0.0004997198178234186,0.8893553609585183,-0.005699935416615287,
21,0.1.1,21.0,0.05,33.99996989723929,33.99990615328005,33.99983150614709,33.999737716598986,33.99961505187728,33.99945161413629,33.99923259828959,33.99893946444687,33.99854901447454,33.99803236785444,33.997353839016576,33.99646972668723,33.99532703541829,33.993862160101735,33.99199957552048,33.9896505842672,33.986712186939,33.98306614751407,33.97857833327437,33.97309841157489,33.96645998425923,33.95848123383154,33.94896614312905,33.937706332068835,33.924483531372275,33.90907268478345,33.89124563946286,33.87077535066349,33.847440493547296,33.82103034435526,33.79134976742904,33.758224125969704,33.721503924733796,33.681068993395726,33.636832030656045,33.58874135117486,33.714764769510786,-0.0004878004474793585,0.8831930378446913,-0.0061623231138270285,
22,0.1.1,22.0,0.05,33.999959814731035,33.99987512831808,33.99977717954357,33.99965606791499,33.99950027073821,33.99929592827484,33.999026066930334,33.99866974860467,33.99820113891393,33.99758849273496,33.99679306243806,33.995767942180514,33.99445687056756,33.99279302355797,33.990697839282085,33.98807992590204,33.98483411211194,33.98084070659757,33.97596503695519,33.970057339429104,33.9629530676803,33.954473681120454,33.94442796085968,33.93261388405447,33.91882106579879,33.90283375245437,33.88443432262313,33.86340722331212,33.83954324096975,33.81264398185712,33.782526415533546,33.74902732079747,33.712007466639584,33.67135536259216,33.626990423697336,33.578865414946094,33.70523211596501,-0.0004766326772887908,0.8766356333665755,-0.006557404478115814,
23,0.1.1,23.0,0.05,33.99994764094567,33.9998377637799,33.999712070899236,33.9995588814615,33.99936477963298,33.99911386349822,33.99878694108517,33.99836066446413,33.99780659749902,33.99709021849607,33.996169865648156,33.99499564068524,33.993508294299914,33.99163812541265,33.989303934761445,33.986412081137004,33.98285569524749,33.97851411104585,33.973252576737096,33.966922306993695,33.959360933635075,33.95039340382489,33.93983336257788,33.9274850401855,33.91314564550433,33.89660824364937,33.8776650725381,33.8561112282291,33.83174862555865,33.80439011975026,33.773863657970914,33.740016318599736,33.702718091351144,33.661865254069646,33.61738321224496,33.569228684837995,33.69590928513756,-0.0004661415413725223,0.8697400439378953,-0.006895589428680182,
24,0.1.1,24.0,0.05,33.999933215983454,33.99979358820243,33.99963542211865,33.999445154745615,33.99920739203484,33.99890412850786,33.99851392320868,33.99801102558095,33.997364449403236,33.99653699836899,33.99548425317247,33.99415353689115,33.99248288280365,33.99040003623307,33.987821529165515,33.984651872798274,33.98078291830617,33.97609343943785,33.970448991539264,33.963702099777336,33.955692824334385,33.946249741946886,33.93519137134634,33.92232805513159,33.907464292811675,33.89040149990778,33.87094114701994,33.848888211765875,33.82405485672364,33.79626422924156,33.765354265451975,33.731181372131225,33.69362385703799,33.65258498157135,33.60799551917433,33.55981571861617,33.68678404446022,-0.00045626203386710533,0.8625546109892781,-0.007185432948617176,
25,0.1.1,25.0,0.05,33.99991640179451,33.99974219607231,33.99954658621875,33.99931404287332,33.9990271264539,33.99866568424792,33.9982060128747,33.997619982158376,33.99687412078822,33.99592866928762,33.9947366116298,33.99324270313907,33.991382518853555,33.9890815529874,33.98625440614932,33.982804102131965,33.97862157993726,33.97358540879374,33.96756177383036,33.960404777435656,33.951957095892844,33.94205102252042,33.93050991731412,33.91715006922291,33.901782961146424,33.88421791016174,33.864265037196205,33.841738502326905,33.81645992515302,33.78826189532353,33.756991467319224,33.72251352686012,33.68471391450715,33.64350219554896,33.59881397419852,33.550612664219145,33.677845294680786,-0.0004469374889715994,0.8551206017133808,-0.007434009275897324,
26,0.1.1,26.0,0.05,33.99989708280314,33.999683249377746,33.99944502887256,33.999164858617455,33.99882320316636,33.9983977352243,33.997862490635974,33.99718699568377,33.99633536901915,33.99526540532243,33.9939276531,33.992264504683924,33.990209322247544,33.987685629194196,33.98460640127382,33.98087349586357,33.97637726062873,33.97099636388439,33.9645978880681,33.9570377245375,33.94816130224999,33.93780467471461,33.92579597902888,33.91195726808794,33.89610670261151,33.87806107406585,33.8576386135941,33.834662026540784,33.80896167795567,33.78037884247911,33.74876892307479,33.71400453789539,33.67597837366658,33.6346057076568,33.58982650859954,33.54160703961209,33.669082929331616,-0.0004381182674585205,0.8474733991096883,-0.007647202603692449,
27,0.1.1,27.0,0.05,33.99987516578895,33.99961647700042,33.999330326583674,33.99899706824666,33.998595036294226,33.99809971632256,33.99748289815802,33.996711811266714,33.99574824662835,33.99454767342949,33.99305836372164,33.99122054320692,33.98896559131329,33.98621531842248,33.982881352207194,33.97886466819163,33.97405530154322,33.9683322774227,33.961563795698154,33.95360770226352,33.944312273484705,33.93351733242842,33.92105570563969,33.906755017595515,33.890439806978904,33.871933935127494,33.851063243057915,33.82765840007005,33.801557874852946,33.772610949990586,33.740680693487455,33.70564679697316,33.66740819002115,33.62588534374904,33.581022184563494,33.532787550340856,33.66048771564247,-0.00042976068445739203,0.8396434646926565,-0.007829934417031836,
28,0.1.1,28.0,0.05,33.99985057919803,33.999541672461106,33.9992021623257,33.99881028423269,33.99834222257757,33.997771276606805,33.997067016137734,33.9961944290784,33.995113066157785,33.99377619221009,33.99212995762377,33.99011260796526,33.98765375408649,33.9846737289626,33.98108306080427,33.976782094358924,33.97166079347777,33.96559875772752,33.95846548385508,33.950120899127086,33.94041618790106,33.92919492528018,33.91629452250862,33.901547978145594,33.88478591739367,33.865838889735365,33.844539882817735,33.820726998942135,33.79424623021029,33.764954259975276,33.73272121231422,33.69743326824685,33.65899506770039,33.61733181993257,33.57239105224984,33.52414393718579,33.652051193072424,-0.0004218261285021896,0.8316571222223956,-0.007986342470260865,
29,0.1.1,29.0,0.05,33.9998232720381,33.99945869047255,33.999060319373775,33.998604255792344,33.99806452795968,33.997412261299395,33.99661484118038,33.99563507591994,33.994430366633885,33.99295189403523,33.99114383603895,33.988942633844125,33.98627632781702,33.98306398775077,33.979215264679105,33.97463009312316,33.96919857321406,33.962801061353375,33.95530849578395,33.94658297954531,33.936478637754064,33.92484275904597,33.911517222499164,33.896340201687885,33.87914812704288,33.85977787685454,33.838069156547135,33.813867015818204,33.787024444426464,33.757404980354565,33.72488525924115,33.68935743175188,33.650731376206274,33.60893663741544,33.56392402928127,33.515666848061926,33.6437655864078,-0.0004142803332310763,0.8235371995967995,-0.008119922625596132,
30,0.1.1,30.0,0.05,33.99979321248893,33.999367442683536,33.998904673937616,33.99837885805335,33.9977618728915,33.997022692884165,33.996126562522136,33.995034177650005,33.99370088214686,33.992075890655954,33.990101551294785,33.987712665543384,33.98483588557084,33.981389211900456,33.977281616311124,33.97241281600826,33.966673225174354,33.95994410885505,33.95209796162979,33.94299912958735,33.93250468877841,33.92046558662971,33.90672804493968,33.89113521427841,33.87352906021038,33.85375245213501,33.83165141613886,33.807077504543194,33.77989022728386,33.74995948432419,33.71716793437053,33.68141323354788,33.642610078609685,33.60069199278916,33.55561279850319,33.50734772961262,33.63562373097293,-0.00040709277174357796,0.8153035575930545,-0.00823364200374499,
31,0.1.1,31.0,0.05,33.99976038633541,33.99926789292848,33.99873518709076,33.998134080476284,33.9974343170662,33.996602752053256,33.99560253924745,33.994392332968296,33.99292551279941,33.99114944226591,33.98900477530395,33.98642482715325,33.98333502883158,33.97965248644884,33.97528566809172,33.970134241670856,33.96408908680256,33.957032502360924,33.948838628689195,33.939374099560474,33.92849893384973,33.916067670610246,33.901930743999785,33.88593608650651,33.86793094047638,33.847763849392656,33.825286792091745,33.80035741552521,33.77284131520165,33.74261430744375,33.70956463440503,33.67359504166736,33.63462466935048,33.592590701071224,33.54744972074146,33.49917873492079,33.6276190079706,-0.0004002361501164842,0.8069735278107402,-0.008330029782314341,
32,0.1.1,32.0,0.05,33.99972479530925,33.99916005223166,33.99855189638479,33.99787001502264,33.997082044125186,33.996152759029435,33.99504327845886,33.993710288871775,33.99210529814077,33.99017392988267,33.987855272141,33.98508129642364,33.98177636514661,33.9778568471564,33.973230862025964,33.967798174081445,33.961450256479125,33.95407054400443,33.945534890538866,33.935712243315564,33.924465541195474,33.91165283833868,33.897128647976736,33.880745493726394,33.86235564829377,33.84181303181083,33.81897523476692,33.79370562390028,33.765875483848504,33.735366143144724,33.70207103056724,33.665897607115774,33.62676912013388,33.584626129364146,33.53942775995759,33.49115264450579,33.619745288338926,-0.0003936859815837579,0.7985622773040433,-0.008411250506696888,
33,0.1.1,33.0,0.05,33.99968645540543,33.99904397375796,33.9983549074456,33.99758684443873,33.99670534673463,33.995673155642535,33.99444941470403,33.99298891796367,33.99124139309645,33.9891508308552,33.986654874292825,33.98368428309712,33.980162489996474,33.97600526739846,33.971120523058985,33.96540824350952,33.95876060307855,33.95106225454222,33.94219081468085,33.932017554296365,33.92040829760647,33.90722453047101,33.892324710775775,33.8755657676981,33.856804769751854,33.83590073473542,33.812716548286666,33.787120951993124,33.75899055721493,33.72821183722848,33.69468304822423,33.65831602926968,33.6190378326848,33.576792139399835,33.5315404187177,33.483262798343866,33.611996883803975,-0.00038742022674753684,0.7900831136507094,-0.008479163653333899,
34,0.1.1,34.0,0.05,33.999645395223176,33.99891974785315,33.99814438577079,33.997284830923206,33.996304612314255,33.995164488415526,33.993821690847525,33.9922291976948,33.99033504633184,33.98808169727178,33.98540546218516,33.98223601074432,33.9784959721903,33.97410064835864,33.968957855205694,33.96296790953219,33.95602377650785,33.94801139169386,33.93881016850384,33.92829369844646,33.916330647105326,33.902785843730165,33.88752155668134,33.870398940971235,33.85127963800246,33.83002750156392,33.80651041847597,33.780602187247524,33.752184413980004,33.72114838176232,33.687396848145355,33.65084572511026,33.611425597337906,33.56908303756233,33.52378168229338,33.475503037092295,33.60436850404198,-0.00038141898809982425,0.7815477414121546,-0.008535372238554828,
35,0.1.1,35.0,0.05,33.99960165436698,33.9987874972761,33.997920548883435,33.99696430536443,33.99588030960693,33.99462739281924,33.99316094048448,33.99143219154249,33.98938758093979,33.98696813702875,33.984108946612984,33.98073870160843,33.97677934219761,33.97214581187818,33.966745939831725,33.96048046546666,33.9532432187406,33.94492146789028,33.935396443470296,33.924544044141605,33.91223572551133,33.898339568601955,33.88272151935504,33.865246785120966,33.84578136855351,33.82419371393659,33.80035643595779,33.774148096543215,33.74545499180861,33.71417290866369,33.6802088092988,33.64348240180657,33.60392755661493,33.56149353123728,33.516145970027694,33.46786765104189,33.59685521905199,-0.00037566424949950775,0.7729664786645287,-0.008581262747625829,
36,0.1.1,36.0,0.05,33.99955528193257,33.998647372693036,33.99768365894641,33.996625657268325,33.995432976204306,33.99406257878104,33.9924680719264,33.990599032081164,33.9884003773129,33.98581179731891,33.98276725373321,33.97919456402874,33.97501508292161,33.97014349543521,33.9644877355702,33.95794904376894,33.950422174994834,33.94179576722986,33.931952877515236,33.92077168934406,33.90812639131737,33.89388822258719,33.87792667585854,33.86011084376184,33.84031088941876,33.81839961720686,33.79425411528895,33.767757437619295,33.73880029006663,33.707282683177006,33.67311551308089,33.63622203222978,33.59653917308142,33.55401869054029,33.50862809284778,33.460351335594666,33.58945242599123,-0.00037013965303778207,0.7643484405801502,-0.008618038084378554,
37,0.1.1,37.0,0.05,33.99950633509328,33.9984995484778,33.99743401590103,33.9962693254467,33.99496320708771,33.99347081747678,33.991744053741016,33.98973090586231,33.98737485804416,33.984614350304874,33.9813823123099,33.977605782070896,33.973205622500174,33.96809634882659,33.96218607946851,33.95537662205177,33.947563704804,33.93863736152185,33.92848247569332,33.9169794861879,33.904005253262305,33.88943407955578,33.87313887638245,33.854992461113255,33.83486896693766,33.81264534198481,33.788202910847446,33.76142896817233,33.73221837132813,33.700475097385855,33.666113728869306,33.62906083303745,33.589256200890226,33.54665391463938,33.501223216004114,33.452949152278386,33.58215581984842,-0.00036483030714080656,0.7557016956991305,-0.008646744881019686,
38,0.1.1,38.0,0.05,33.99945224025771,33.99833625905875,33.99715852816743,33.99587667016538,33.9944465060217,33.992821364434555,33.99095142192385,33.98878308347363,33.98625841414601,33.983314632707035,33.97988367884167,33.97589186591028,33.97125963132996,33.96590139647275,33.959725547389624,33.95263454663612,33.94452518495285,33.935288979521374,33.924812722977975,33.91297918435382,33.89966795967718,33.88475646620469,33.868121070252194,33.84963833450071,33.829186366606336,33.80664624710166,33.78190351110245,33.75484965538556,33.72538364012989,33.693413353139555,33.65885700380086,33.62164441443038,33.58171817808443,33.539034654311536,33.49356477768911,33.445294658203935,33.57460425745561,-0.00037757811964027614,0.7263210209141135,-0.029380674785016936,
39,0.1.1,39.0,0.05,33.99939822189464,33.998173275552894,33.996883805427764,33.99548562212754,33.99393279154326,33.99217696840071,33.990166761842374,33.9878471429632,33.98515890468344,33.98203818477415,33.97841606319203,33.97421824505719,33.969364840550476,33.96377025264872,33.95734318289751,33.94998676429541,33.94159882879873,33.93207231494019,33.921295818596555,33.909154287071686,33.89552985343818,33.880302804580566,33.863352672707514,33.84455943636539,33.8238048133254,33.8009736242702,33.77595520311772,33.74864482723,33.718945138790005,33.68676752740296,33.6520334435763,33.61467561321287,33.57463912464021,33.53188236198418,33.48637776183014,33.43811237401529,33.56751299753087,-0.00035456299623710664,0.7379154392761791,0.01159441836206554,
40,0.1.1,40.0,0.05,33.9993418404366,33.998003232257034,33.99659741520216,33.9950784489024,33.99339870747953,33.99150823788182,33.98935415119407,33.986880056904404,33.984025550422665,33.98072576441612,33.976910994697036,33.97250641140297,33.96743186599326,33.96160180408606,33.95492529333173,33.947306174320964,33.93864334093644,33.92883115456906,33.91775999424534,33.905316941985724,33.89138659968749,33.87585203057459,33.858595814872814,33.83950120595952,33.81845336992128,33.79534068835778,33.77005610152139,33.74249846660359,33.712573904283495,33.680197105636275,33.64529257123489,33.607795754816145,33.567654085239646,33.52482784263399,33.47929086755245,33.43103108557496,33.5605163781387,-0.00034983096960843345,0.7292220703159558,-0.008693368960223324,
41,0.1.1,41.0,0.05,33.9992831736041,33.99782636350198,33.99629975181196,33.99465571001544,33.992844984997575,33.99081608253449,33.98851468440603,33.985883109114646,33.98285982637664,33.979379035680765,33.97537031922984,33.97075837944064,33.965462870823316,33.95939833544625,33.95247425027482,33.9445951934217,33.935661134746795,33.92556785429253,33.91420748975286,33.90146921158399,33.887240021524185,33.87140566726816,33.85385166292379,33.83446440176269,33.81313234476973,33.78974726571208,33.76420553099931,33.73640939060018,33.706268254818255,33.673699930890145,33.63863179322047,33.6010018616477,33.56075976345795,33.51786755691587,33.472300396819925,33.424047025944084,33.5536110623676,-0.0003452657885549826,0.7205244415536214,-0.008697628762334375,
42,0.1.1,42.0,0.05,33.99922230174815,33.99764291119819,33.99599122118628,33.9942179791417,33.99227236997565,33.99010142491164,33.98764946433408,33.98485758458346,33.98166319870195,33.97799964113872,33.973795846317394,33.968976110702414,33.96345994753293,33.95716204268114,33.949992319104574,33.941856116073836,33.93265448775794,33.92228462384038,33.910640392638555,33.897613004740265,33.88309179250417,33.866965097960694,33.84912125877411,33.829449679075616,33.80784196924668,33.784193136224516,33.75840280371577,33.730376439938375,33.70002656924865,33.667273943325654,33.63204864753074,33.59429111867059,33.5539530516775,33.51099817466519,33.46540287438206,33.417156657202476,33.546793905508785,-0.0003408578429407783,0.7118270269238991,-0.008697414629722289,
43,0.1.1,43.0,0.05,33.99915930708998,33.997453122591665,33.99567223724328,33.9937658392909,33.991681617234526,33.989365194038854,33.98675959552955,33.9838047628089,33.980437118503744,33.97658919655875,33.972189345072074,33.967161511298926,33.96142511738519,33.954895034603766,33.94748166282498,33.93909112063987,33.92962554996617,33.91898353710528,33.90706065010499,33.89375008994946,33.878943450593454,33.86253158024222,33.84440553362336,33.82445760238499,33.80258240827199,33.77867804147017,33.7526472245562,33.72439848093388,33.693847285549516,33.660917175125014,33.62554079517175,33.58766086168039,33.54723101662717,33.50421655828035,33.45859502969357,33.41035665167648,33.540061940236036,-0.0003365982636374554,0.7031338251981225,-0.00869320172577659,
44,0.1.1,44.0,0.05,33.99909427305241,33.99725724829189,33.995343218715554,33.99329987859472,33.99107348550945,33.988608319844055,33.98584617844047,33.98272591211273,33.97918301662191,33.975149286521,33.97055254097078,33.965316430167626,33.959360330382694,33.9525993347602,33.94494434594097,33.93630227525229,33.92657635163312,33.91566654165394,33.90347007996217,33.889882107271276,33.87479641065826,33.85810625849789,33.8397053199083,33.81948865618629,33.79735376945019,33.773201691665264,33.74693809548101,33.71847440693585,33.687728899148986,33.65462774567673,33.61910601230033,33.581108566657804,33.540590886336496,33.49751974779091,33.45187378070531,33.403643875127706,33.53341236324557,-0.00033247884952345433,0.6944484150248655,-0.008685410173256969,
45,0.1.1,45.0,0.05,33.999027283675424,33.99705554054995,33.99500458638317,33.99282068664517,33.99044873309678,33.98783172836043,33.98491030445408,33.98162228482992,33.97790229928595,33.97368146085202,33.96888711336578,33.96344265792105,33.95726746566562,33.950276883526115,33.94238233832715,33.93349154344367,33.923508810576806,33.912335467487466,33.899870380577894,33.88601057911202,33.870651975653615,33.853690175029925,33.835021361857734,33.81454325446789,33.79215611100306,33.767763771615854,33.74127471913137,33.71260313932565,33.681669961168005,33.64840385702791,33.61274218299082,33.57463184007933,33.534030038339154,33.49090494740703,33.44523621929555,33.39701537165847,33.5268425231838,-0.00032849200308824326,0.6857740029087722,-0.008674412116093322,
46,0.1.1,46.0,0.05,33.998958423108995,33.99684825176519,33.994656760678296,33.992328851333774,33.98980811411139,33.98703633762591,33.983953051693014,33.98049511327607,33.97659634453605,33.97218723177652,33.96719469362533,33.96154192620119,33.95514833225846,33.947929540366495,33.939797519052895,33.930660789514164,33.920424738978845,33.908992035106245,33.89626313994237,33.88213691996306,33.866511346654306,33.84928427996002,33.83035432482445,33.80962174903123,33.786989448659554,33.76236394580415,33.73565640180452,33.70678362815816,33.67566907660363,33.642243789594076,33.606447292568554,33.56822841008282,33.52754598898247,33.48436951337424,33.43867959814272,33.39046835012424,33.52034990971443,-0.0003246306734684623,0.6771134651441884,-0.008660537764583864,
47,0.1.1,47.0,0.05,33.99888777517581,33.99663563319914,33.994300159626235,33.99182495614289,33.989152375293884,33.986223054206896,33.98297548148318,33.97934560640384,33.97526649931774,33.97066807169357,33.96547686381528,33.95961590745949,33.953004670098224,33.94555908620902,33.93719168013624,33.92781178363395,33.91732584973346,33.90563786293349,33.89264984392869,33.87826244520279,33.86237563185592,33.844889440054764,33.825704803544774,33.80472443679722,33.78185376164421,33.75700186273582,33.73008245589654,33.701014852511484,33.669724902484504,33.6361458981145,33.60021942145784,33.561896118397335,33.521136383717796,33.477910942981175,33.43220131886886,33.38400017187297,33.51393214359502,-0.0003208883059706125,0.6684693845029557,-0.008644080641232676,
48,0.1.1,48.0,0.05,33.998815422997104,33.99641793387614,33.993935197089144,33.99130957784319,33.988482253309925,33.98539277027894,33.98197863541823,33.978174947067544,33.97391407716677,33.96912541149412,33.963735155843686,33.95766621509306,33.95083815128796,33.94316722589156,33.93456653020712,33.924946206683906,33.91421376236526,33.902274474148946,33.889031883824224,33.87438837905799,33.85824585465916,33.84050644659933,33.82107332945652,33.79985156622835,33.77674899788497,33.75167715865348,33.72455220189497,33.69529582059933,33.663836146020756,33.63010860784109,33.59405673949744,33.555632912957286,33.514798988263436,33.47152686458862,33.425798921305685,33.37760833965555,33.507586967650965,-0.00031725879720276854,0.6598440824348302,-0.008625302068125507,
49,0.1.1,49.0,0.05,33.99874144867521,33.996195399651505,33.99356228128093,33.99078328455403,33.98779847248832,33.98454636120199,33.98096353295145,33.97698428982266,33.97254035640909,33.96756063934709,33.96197105100037,33.95569440387827,33.94865038152794,33.94075559065164,33.9319236980659,33.92206565484062,33.91109000854344,33.898903302981495,33.88541056320191,33.870515861811285,33.85412296093809,33.83613602242943,33.81646037718952,33.795003342978404,33.77167507854378,33.74638946070492,33.71906496999018,33.689625569690484,33.6580015627648,33.62413041094767,33.5879575006811,33.549436841130564,33.50853168054485,33.46521502856515,33.41947007375521,33.371290487572644,33.50131223854823,-0.00031373645513674834,0.6512396473433029,-0.008604435091527307,
50,0.1.1,50.0,0.05,33.99866593302657,33.99596827242919,33.99318181352383,33.99024663412688,33.987101742948475,33.98368468353307,33.97993116945216,33.97577475919376,33.971146578809346,33.965975099889086,33.960185979832055,33.953701970649966,33.94644290168528,33.93832574063272,33.92926473612818,33.91917164391442,33.90795603721946,33.89552570050645,33.88178710419405,33.86664595633233,33.850007825581464,33.83177882821834,33.81186637032782,33.790179934866586,33.76663190195899,33.74113838964257,33.713620101364015,33.68400316587235,33.65221995479602,33.618209863147044,33.58192003828477,33.54330604349847,33.5023324433291,33.45897329902931,33.413212564133495,33.36504437194114,33.49510591927913,-0.0003103159634548547,0.6426579594888295,-0.00858168785447333,
51,0.1.1,51.0,0.05,33.99858895535985,33.99573678951218,33.99279418721947,33.98970017281473,33.98639275907193,33.982808573424514,33.978882514669806,33.974547448351565,33.96973394860778,33.9643700937605,33.95838132230119,33.95169035518328,33.944217189468745,33.935879167386695,33.92659112375024,33.9162656134507,33.90481321941495,33.8921429399897,33.87816265322574,33.862779654002175,33.84590125838643,33.82743546810393,33.80729168653063,33.78538147626015,33.7616193470762,33.73592356211869,33.70821694920495,33.67842770368898,33.646490168938605,33.612345580503145,33.575942760346145,33.5372387481323,33.49619935748061,33.45279964631129,33.40702429190029,33.35886786297793,33.48896607228573,-0.00030699234967030976,0.6341007129407075,-0.008557246548122066,
52,0.1.1,52.0,0.05,33.99851059329371,33.995501183070516,33.99239978700949,33.98914443419405,33.98567219827687,33.98191884536041,33.977818511554474,33.97330341814561,33.968303631892795,33.96274687743785,33.95655840818322,33.949660941239756,33.94197466118071,33.933417296356666,33.92390427043212,33.91334893060573,33.90166285268508,33.88875622181822,33.87453828625974,33.858917880093344,33.84180400937471,33.82310649473078,33.80273666208778,33.78060807193849,33.756637276433906,33.73074459263228,33.70285487949151,33.67289830567907,33.64081109501985,33.606536236426294,33.57002414546528,33.53123326531792,33.490130595773714,33.44669214005711,33.40090326068952,33.35275893721225,33.48289085315428,-0.00030376095657231873,0.6255694349475647,-0.008531277993142794,
53,0.1.1,53.0,0.05,33.99843092260981,33.99526167971278,33.991998988103056,33.98857993830855,33.98494072005821,33.98101629118887,33.97674007538764,33.97204369644503,33.96685675626199,33.961106663317906,33.95471851766308,33.9476150577461,33.939716673523314,33.93094148932729,33.92120551889738,33.91042289380816,33.898506165281496,33.88536667805267,33.87091501359957,33.8550614986611,33.83771677359367,33.818792413773174,33.7982015959762,33.77585980050232,33.751685538760924,33.72560109517515,33.69753327157948,33.66741412183471,33.635181664173636,33.60078055883982,33.5641627388985,33.52528798268492,33.48412441720568,33.440648942908666,33.3948475715665,33.34671567054866,33.47687850482284,-0.00030061741657192446,0.6170655030851293,-0.008503931862435365,
54,0.1.1,54.0,0.05,33.998350017136566,33.995018500148504,33.991592155750695,33.988007191007206,33.98419896525987,33.98010167941184,33.97564809318209,33.97076927774495,33.96539441072998,33.95945062001474,33.9528628820966,33.9455539800774,33.93744452543917,33.92845304683271,33.918496148050274,33.90748873621821,33.8953443200374,33.881975376635324,33.86729378429301,33.85121131699614,33.833640195457555,33.81449368799737,33.79368675347572,33.77113671738323,33.74676397123543,33.720492684618634,33.69225151862319,33.661974328998646,33.629600847192876,33.59507732750724,33.55835714892015,33.519401360702,33.47817916176021,33.43466830470012,33.3888554168462,33.34073623191231,33.47092735225019,-0.0002975576286324611,0.6085901604320298,-0.00847534265309946,
55,0.1.1,55.0,0.05,33.99826794865983,33.9947718589301,33.99117964484608,33.987426683451815,33.983447555548814,33.9791757546983,33.97454342331429,33.96948112300108,33.96391764584639,33.957779872835594,33.95099268490715,33.94347893142148,33.935159459970315,33.92595321051446,33.91577737581185,33.90454762899566,33.89217841799578,33.87858332528319,33.86367549017424,33.84736808968292,33.82957487267793,33.810210740914414,33.78919236939526,33.76643885750209,33.74187240144855,33.71541897787596,33.68700902785662,33.65657813021449,33.62406765293327,33.58942537150951,33.552606043429556,33.51357192850418,33.47229324557687,33.42874855711865,33.382925074415205,33.33481887741617,33.4650357975005,-0.000294577737484758,0.6001445290180669,-0.008445631413962928,
56,0.1.1,56.0,0.05,33.99818478685722,33.994521964264024,33.99076179963883,33.986838891771505,33.98268709306416,33.97823923759043,33.97342689535648,33.968180159659035,33.962427473991596,33.95609550440575,33.94910906259185,33.94139108420401,33.93286266612212,33.92344316542354,33.913050361837705,33.901600684387994,33.88900950180053,33.87519147509413,33.86006096957892,33.843532522303725,33.825521359827064,33.80594396006878,33.78471865095449,33.76176623761861,33.73701064911011,33.710379594871284,33.68180522075634,33.65122475404186,33.6185811267694,33.583823566862705,33.546908146782656,33.50779828002144,33.466465156487644,33.422888108783525,33.37705490250665,33.3289619449978,33.45920231520362,-0.0002916741148439428,0.5917296217820223,-0.008414907236044655,
57,0.1.1,57.0,0.05,33.99810059925267,33.99426901788192,33.9903389535439,33.98624427684463,33.98191816021703,33.977292824375404,33.97229931007966,33.96686728184903,33.960924869821696,33.95439855541636,33.9472131058149,33.93929156155707,33.93055528072074,33.92092404226234,33.910316210120314,33.89864895864925,33.88583855886842,33.871800723890594,33.85645101076306,33.83970527482385,33.82148017157274,33.801693700003106,33.78026578036029,33.75711885840885,33.73217852752893,33.70537415934153,33.67663953310519,33.64591345384694,33.613140349104185,33.57827083426703,33.54126223682974,33.50207907038142,33.46069344988558,33.41708544070271,33.3712433348832,33.323163849478185,33.4534254483551,-0.0002888433424260484,0.5833463531930221,-0.008383268589000181,
58,0.1.1,58.0,0.05,33.99801545118871,33.99401321496373,33.98991142903385,33.985643284190125,33.981141319620065,33.97633718709911,33.971161439601715,33.965543350720054,33.9594107708379,33.95269002547246,33.94530586056891,33.93718143881654,33.928238390255,33.91839691956327,33.90757597147956,33.895693454799854,33.88266652435875,33.868411919324025,33.8528463550537,33.8358869646899,33.81745178561909,33.79746028493411,33.7758339171129,33.75249670630344,33.72737584489625,33.700402299494215,33.67151141497279,33.640643507076476,33.607744433931664,33.57276613697891,33.53566714214267,33.49641301256194,33.45497674489464,33.411339102070805,33.36548887638854,33.31742307800191,33.447703804423995,-0.00028608219655517074,0.5749955487061982,-0.008350804486823904,
59,0.1.1,59.0,0.05,33.997929405813856,33.99375474410527,33.98947953760263,33.985036343952665,33.980357114127386,33.97537297370024,33.97001402765837,33.96420919489088,33.957886078058415,33.95097087402147,33.94338832938754,33.935061745035625,33.92591303269497,33.91586282580213,33.904830645945204,33.89273512523719,33.87949428395596,33.86502586176007,33.84924769975595,33.83207816966934,33.813436645383895,33.79324401117137,33.77142320007233,33.74789975511451,33.722602405397005,33.695463648540816,33.66642033062674,33.63541421452237,33.60239252745255,33.56730847879786,33.530121739416195,33.49079887427131,33.44931372081311,33.4056477063763,33.35979009883199,33.31173818582161,33.44203605174031,-0.0002833876341842512,0.5666779531942581,-0.008317595511940112,
60,0.1.1,60.0,0.05,33.99784252408299,33.993493787323864,33.98904357979001,33.984423870967746,33.97956606696845,33.97440080824613,33.96885778997684,33.96286561099762,33.95635165677385,33.94924202134518,33.94146147259529,33.93293346450435,33.92358019928129,33.913322741444794,33.90208118503504,33.88977487420571,33.87632267647933,33.86164330696366,33.84565570083943,33.82827943045692,33.80943516243953,33.78904514930643,33.767033749312,33.74332796747668,33.71785801017056,33.69055784512317,33.661365758386275,33.630224899582664,33.597083806742134,33.561896902161386,33.52462495103004,33.485235475037165,33.44370311380613,33.40000992778947,33.35414563717517,33.3061077923943,33.43642091613668,-0.0002807567801813349,0.5583942384702709,-0.008283714723987146,
61,0.1.1,61.0,0.05,33.997754864768744,33.993230520096525,33.98860384525796,33.983806264894284,33.978768681961,33.97342129125378,33.96769341473494,33.96151336432081,33.95480833736949,33.94750434960003,33.93952620958204,33.930797538265594,33.921240836280056,33.91077760092674,33.89932849393298,33.88681356013556,33.87315249633282,33.85826496860058,33.84207097542386,33.82449125307051,33.805447718742045,33.78486394620293,33.762665667874074,33.738781297246256,33.713142469629574,33.685684631916544,33.65634789945112,33.62507925379725,33.59184023461067,33.55663267081582,33.519570592358235,33.48103866427828,33.441948118290284,33.403983215475414,33.36956543293362,33.34126437711991,33.435620634487805,-4.001408244391769e-05,0.8264254966384215,0.26803125816815054,
62,0.1.1,62.0,0.05,33.997666484482195,33.99296511142532,33.988160612910285,33.98318391040404,33.97796544379001,33.972435000081695,33.96652156309037,33.96015318947629,33.95325691620001,33.94575870389334,33.93758342009208,33.928654865620715,33.91889584669941,33.9082282945653,33.896573433571696,33.883851997864355,33.86998449585361,33.85489152086115,33.838494105731634,33.82071411968489,33.801474710243056,33.78070081143948,33.75831979947186,33.73426254639415,33.70846553852869,33.680875599080665,33.65146025750987,33.620228731391194,33.58726964111045,33.55280937209014,33.517286208388605,33.4814190810141,33.446231708750915,33.41298681988452,33.3830061137744,33.35740155863851,33.44069089393985,0.0002535129726023655,1.1653163171943532,0.3388908205559318,
63,0.1.1,63.0,0.05,33.99757743770137,33.9926977239256,33.98771415104873,33.98255717741821,33.97715681834144,33.97144248937961,33.965342869766616,33.95878579115704,33.95169815650428,33.944005893384706,33.935633945522234,33.92650630563634,33.916546092049764,33.90567567078023,33.8938168241894,33.88089096692298,33.86681941055135,33.85152368186165,33.83492591061709,33.81694933048297,33.79751900040683,33.77656298386573,33.75401446046748,33.729815620317495,33.703924684698514,33.67632785804667,33.64705809579606,33.616221720426275,33.58403156773351,33.55084133901408,33.51717097080205,33.48370916621287,33.45127962561893,33.420764229828656,33.39298923179037,33.36859555096897,33.44619372632055,0.0002751416190349687,1.2005460659602676,0.03522974876591434,
64,0.1.1,64.0,0.05,33.99748777680629,33.99242851393333,33.987264717559135,33.981926421383015,33.97634325308075,33.97044429158611,33.96415794368771,33.95741184492794,33.950132789402346,33.94224669259863,33.93367859091053,33.92435268097012,33.914192401607934,33.90312056141563,33.89105951631802,33.877931405874996,33.863658467352664,33.848163468438,33.83137034145289,33.8132051755273,33.79359783984249,33.77248467455581,33.749812878928715,33.72554739184158,33.69968108777603,33.67224884081519,33.64334527012947,33.613144681492535,33.58191996948183,33.550055454852334,33.51804751263451,33.48648723368713,33.45602185808659,33.42729627563842,33.4008815527628,33.3772024775331,33.45123426101189,0.000252026734566968,1.1847384647387855,-0.01580760122148206,
65,0.1.1,65.0,0.05,33.99739755211933,33.99215763162837,33.98681256012398,33.98129198358304,33.97552517748851,33.96944091753249,33.962967368867254,33.9560319987201,33.94856151687738,33.940481848261214,33.93171814171313,33.922194819455505,33.91183567309842,33.90056401555022,33.888302905570185,33.87497547577428,33.86050541957479,33.84481773240826,33.82783986160808,33.80950349778474,33.78974733084647,33.76852117434928,33.74579189290511,33.721551490976054,33.695827471198875,33.66869509433622,33.64029046772251,33.610822537371945,33.58058125190549,33.54993868979415,33.51934010982901,33.48928292926349,33.46028357382174,33.43283469670022,33.40735785366237,33.384158610123635,33.45570876096816,0.0002237249978133349,1.1619895194872498,-0.0227489452515357,
66,0.1.1,66.0,0.05,33.99730681195449,33.99188522118964,33.98635791651294,33.9806541916463,33.97470300398148,33.9684328582826,33.961771708384404,33.95464688177799,33.94698503199552,33.93871212406483,33.92975345937585,33.92003374871289,33.90947724694879,33.898007971407594,33.885550040061084,33.872028187631564,33.85736854904759,33.84149984074096,33.82435511793046,33.805874331877355,33.78600793939839,33.76472180409629,33.74200354559989,33.71787031116371,33.69237764662945,33.66562874029699,33.637782852119855,33.6090613153922,33.57974923945275,33.550191091667884,33.520778805472204,33.491931978778624,33.464071005410155,33.43758540564883,33.41280088020247,33.3899493735475,33.459656738783266,0.00019739889075545138,1.1404002352126383,-0.021589284274611487,
67,0.1.1,67.0,0.05,33.997215602732005,33.99161142120001,33.985901015503806,33.980013361523305,33.97387713213985,33.96742059408819,33.96057152297912,33.95325714208306,33.945404091227466,33.93693843373256,33.92778571224096,33.91787106935425,33.90711945714614,33.89545597195249,33.88280636825655,33.86909782826763,33.85426009084506,33.838227071381255,33.820939126574146,33.80234612440968,33.78241145647929,33.761117061753765,33.73846940501258,33.71450616371368,33.68930313246949,33.662980582012565,33.63570805840196,33.60770644441144,33.57924610078487,33.55064012056003,33.52223219180122,33.4943792477289,33.46742990264913,33.44170048799105,33.41745114704981,33.39486476113637,33.46314166687279,0.00017424640447600838,1.1214393067587025,-0.01896092845393582,
68,0.1.1,68.0,0.05,33.99712396944532,33.991336366294306,33.985442080554996,33.97936980494387,33.973047963196656,33.96640462147664,33.95936741958981,33.95186352917869,33.94381964787325,33.935162041395486,33.92581665037892,33.91570928577139,33.9047659466852,33.89291330772392,33.88007943884327,33.8661948383779,33.851193876194856,33.83501675437797,33.8176120908297,33.79894020862845,33.77897716254054,33.75771944717871,33.735189206936894,33.711439611703376,33.6865598903445,33.66067935300431,33.63396961953441,33.60664424498219,33.57895502971419,33.5511845423825,33.523634765002036,33.49661225662877,33.470410760724995,33.44529266412485,33.421471058725245,33.39909428030749,33.46622441129164,0.00015413722094272944,1.1050825100391393,-0.01635679671956325,
69,0.1.1,69.0,0.05,33.99703195710628,33.99106019201434,33.98498133971632,33.978723847389084,33.97221593070037,33.96538550290894,33.95816012737597,33.95046700301847,33.94223299506147,33.93338472763373,33.923848760639295,33.913551881163734,33.9024215494235,33.89038655046498,33.87737791428812,33.86333017669339,33.848183057729386,33.83188362990977,33.81438902944174,33.79566972570365,33.77571330352945,33.75452862870358,33.732150163069015,33.70864208116919,33.68410173096094,33.65866189777588,33.632491297102746,33.60579276025787,33.57879870324987,33.55176368665377,33.52495417036242,33.498635911268806,33.47305979849074,33.44844721491055,33.424976201367166,33.402769738182144,33.468957701227374,0.00013666449678666483,1.0909796388558135,-0.01410287118332576,
70,0.1.1,70.0,0.05,33.99693961371214,33.99078304431887,33.98451904347143,33.97807585706463,33.97138154394571,33.96436392745044,33.956950575861896,33.94906882404788,33.940645852041285,33.93160884106284,33.92188523351539,33.911403130664766,33.90009186958905,33.88788282857238,33.87471051588877,33.860513998659954,33.84523872338724,33.828838764723784,33.811279511086,33.79254075266484,33.77262007888395,33.751536420606534,33.72933349305841,33.70608281785775,33.68188593938136,33.65687541664627,33.63121418148206,33.60509291851627,33.57872524772764,33.552340672511434,33.526175481417305,33.50046203590633,33.475417107882805,33.45123011441493,33.42805220064674,33.40598712194454,33.47138594230483,0.00012141205387266041,1.078753384947035,-0.012226253908778517,
71,0.1.1,71.0,0.05,33.99684699452819,33.99050509276979,33.984055487674375,33.97742627840632,33.970545431848,33.96334076227085,33.955739946732365,33.94767059105806,33.93906036496358,33.929837229460965,33.919929784991176,33.9092677743092,33.89778277927444,33.88540915423527,33.87208523910483,33.85775489062398,33.84236935863993,33.825889513568846,33.80828840019194,33.7895540512792,33.76969244360832,33.74873042220544,33.7267183618529,33.703732286010464,33.67987513169588,33.65527684430064,33.63009301719294,33.604501862532466,33.57869941230964,33.55289299635035,33.52729321444692,33.50210479463825,33.47751688693468,33.45369345870435,33.43076451467669,33.408818847770554,33.473546315562956,0.00010801866290641727,1.0680735335810994,-0.010679851365935633,
72,0.1.1,72.0,0.05,33.99675416665317,33.99022654406938,33.983591035383434,33.97677566043214,33.969708374006615,33.96231707944321,33.9545296851267,33.946274220860694,33.937479034460594,33.9280730927997,33.91798641552527,33.907150673178634,33.89549998366829,33.8829719408657,33.86950890521837,33.855059577303464,33.839580859878616,33.82303999129036,33.805416902846005,33.786706715749226,33.76692225159329,33.74609638784315,33.72428405131013,33.701563614528034,33.678037448828505,33.653831399950526,33.62909299175481,33.6039882328317,33.578696997559334,33.55340707130828,33.52830707868013,33.503578640271805,33.4793882120676,33.45587913707416,33.43316446875649,33.411321102512524,33.475470032902024,9.618586695339105e-05,1.0586682367918456,-0.009405296789253725,
73,0.1.1,73.0,0.05,33.99666121258777,33.989947652158996,33.98312613153512,33.97612467232644,33.9688713113456,33.96129415320766,33.953321472500434,33.944881883857896,33.935904601006584,33.92631980865726,33.916059173524175,33.905056522145394,33.89324871275623,33.88057672530668,33.86698698682835,33.85243293783158,33.83687682858015,33.82029171173504,33.80266357044709,33.783993489852904,33.76429974743131,33.74361966714651,33.72201105790206,33.69955304317765,33.67634609034627,33.65251106880446,33.62818720787997,33.60352888845526,33.57870128358011,33.55387495737591,33.52921962997684,33.50489740895134,33.481055863706075,33.45782136859224,33.435293154793904,33.413538486083,33.47718344785377,8.567074758722982e-05,1.0503181330052342,-0.008350103786611385,
74,0.1.1,74.0,0.05,33.996568231906075,33.98966872240408,33.98266130712275,33.975474103338705,33.96803533572313,33.96027343180893,33.952117172442144,33.94349591615943,33.93433991829065,33.92458076716422,33.91415196061283,33.90298964544575,33.89103353999192,33.878228054507176,33.864523615513846,33.84987818749582,33.834258968605795,33.81764421640626,33.8000251359992,33.781407737723946,33.76181454713882,33.741286029091256,33.71988157357587,33.697679887113594,33.674778642538875,33.651293264481005,33.62735476825441,33.60310662536336,33.57870069644045,33.554292347274135,33.530034939095124,33.506073952894354,33.48254106144398,33.45954849487864,33.43718405092307,33.41550707648902,33.47870896701642,7.627595813275434e-05,1.042847007141532,-0.007471125863702355,
75,0.1.1,75.0,0.05,33.99647534076557,33.98939010931705,33.98219717275841,33.97482484841288,33.96720166281276,33.959256492398836,33.95091876293487,33.942118726478334,33.93278783565151,33.922859235323486,33.91226839119513,33.90095387266271,33.88885830318622,33.87592948469914,33.86212169297465,33.84739712811741,33.831727488597224,33.81509561899961,33.79749716193147,33.778942124783086,33.75945625427087,33.73908209818082,33.71787962696474,33.6959262901512,33.67331639581023,33.65015972664432,33.62657934364647,33.602708576307734,33.57868725428825,33.554657295176845,33.530757821308846,33.50712002988827,33.483862079229354,33.46108427490361,33.43886483947352,33.417256526782516,33.4800657785084,6.784057459867654e-05,1.0361130005673118,-0.006734006574220075,
76,0.1.1,76.0,0.05,33.996382669534405,33.98911220881695,33.981734403789496,33.97417788351243,33.9663715946074,33.95824498802808,33.94972826642363,33.94075271024505,33.93125110072632,33.92115825714878,33.910411703978475,33.89895248014362,33.88672609750142,33.873683648112696,33.85978305011988,33.84499040984189,33.829281463468966,33.81264304611004,33.795074519926246,33.77658907804083,33.7572148285033,33.73699555463064,33.715991046372736,33.694276903555945,33.671943727081675,33.64909563883422,33.62584810472049,33.60232507644992,33.578655513868064,33.554969397484165,33.53139338623918,33.50804631423238,33.485034747933916,33.46244883889968,33.440358703838456,33.418811543197535,33.481270429761544,6.0232562657347446e-05,1.0300013296993171,-0.00611167086799469,
77,0.1.1,77.0,0.05,33.99629035911347,33.98883544682346,33.98127372014646,33.97353423535049,33.96554647778399,33.95724059415542,33.94854768547517,33.93940017766672,33.929732286022215,33.919480588043115,33.90858471645841,33.8969881800468,33.88463931404516,33.87149235424029,33.85750861929434,33.84265777462398,33.82691913865791,33.81028297922165,33.79275173509575,33.77434108665519,33.75508079127795,33.7350151953218,33.71420333622981,33.69271855679813,33.67064756945131,33.648088931552444,33.62515092265056,33.60194884969241,33.57860184442274,33.55522925567993,33.53194677487884,33.50886246237204,33.48607286254062,33.4636594039107,33.44168527574208,33.42019295393471,33.4823372861023,5.3342817037815854e-05,1.0244185272869544,-0.005582802412362753,
78,0.1.1,78.0,0.05,33.99619855659906,33.98856026611298,33.980815864080355,33.972894949761866,33.96472766290827,33.956244959799626,33.94737894839802,33.938063298162696,33.92823373857407,33.91782865807066,33.906789811689606,33.895063141009146,33.882599703873865,33.86935670379397,33.855298599940205,33.840398268570816,33.824638175988746,33.80801151240324,33.79052322621753,33.77219089029085,33.75304532671521,33.73313091567548,33.71250551796033,33.69123995033627,33.669416968572925,33.64712973420952,33.624479767415956,33.60157441818665,33.578523919744065,33.55543811914302,33.53242300813975,33.50957719989746,33.48698851175901,33.464730819338456,33.44286134148962,33.42141849909553,33.483278896355586,4.708051266426594e-05,1.0192879668951491,-0.005130560391805261,
79,0.1.1,79.0,0.05,33.99610741085078,33.98828711308022,33.98036157835373,33.97226106191006,33.96391646785433,33.95525966627231,33.94622386656277,33.93674406088364,33.92675754959001,33.916204557691586,33.905028947515596,33.893179027805296,33.88060845335859,33.86727720205472,33.85315260789454,33.83821041980056,33.822435846853445,33.805824541999954,33.78838346880136,33.77013159033453,33.75110031676732,33.731333649202156,33.71088796276428,33.68983138200235,33.66824271653376,33.64620994416722,33.62382825169542,33.60119766896207,33.57842035808517,33.55559764499732,33.53282690274789,33.510198413346764,33.48779234559341,33.46567598902223,33.44390137807022,33.4225034257825,33.48410628616488,4.136949046475991e-05,1.0145464016502928,-0.0047415652448563606,
80,0.1.1,80.0,0.05,33.99601706838022,33.98801642559087,33.979911586653664,33.97163357037064,33.963114147325875,33.954286194707436,33.9450841034085,33.935444249552354,33.92530554020559,33.91461003986568,33.90330368024032,33.89133705082322,33.87866626182728,33.86525386426234,33.851069804546405,33.83609238334377,33.82030918077518,33.8037179032995,33.78632710206004,33.7681567090024,33.74923833626656,33.72961528682131,33.70934223047221,33.68848450944507,33.6671170516467,33.645322887032094,33.62319128251599,33.60081553248743,33.578290463878,33.55570973537108,33.53316302812873,33.51073323883083,33.48849379355858,33.46650620215046,33.44481796661263,33.42346094401415,33.48482919499056,3.6145441283963466e-05,1.0101412842191593,-0.004405117431133476,
81,0.1.1,81.0,0.05,33.99592766981943,33.98774862264413,33.979466577237396,33.97101341612585,33.96232186919633,33.95332590240762,33.943961154096534,33.93416542925181,33.92387925952198,33.91304653337301,33.90161519667756,33.889538019103206,33.8767734160355,33.86328630956293,33.84904900549324,33.834042056786984,33.81825507759554,33.80168746676457,33.78434899574394,33.766260213877665,33.74745262454146,33.72796858896954,33.70786092113991,33.68719214684396,33.666033412889306,33.6444630478474,33.62256479316757,33.60042574189841,33.5781340405559,33.55577642660241,33.533435688274785,33.51118814392819,33.48910124363944,33.46723139583006,33.445622115784715,33.424302581245094,33.48545626900454,3.135370069884402e-05,1.0060286827917793,-0.004112601427380014,
82,0.1.1,82.0,0.05,33.99583934709359,33.98748409617332,33.97902719021138,33.97040146674373,33.961540697571415,33.9523800072934,33.9428563342748,33.932908942688826,33.92247999155369,33.91151516328883,33.89996435024164,33.887782392931314,33.8749298585187,33.861373842403474,33.84708877010898,33.83205717104631,33.816270390725336,33.799729203921025,33.78244428865083,33.764436520007784,33.74573704430757,33.72638709793847,33.706437541910056,33.6859480923652,33.664986239040175,33.64362585740335,33.62194553534419,33.6000266510045,33.577951253689434,33.5557998137372,33.53364891873333,33.511569001583496,33.489622189933236,33.46786036571302,33.44632351796863,33.425038461725556,33.48599521922987,2.6947511266683935e-05,1.0021716510784273,-0.003857031713351944,
83,0.1.1,83.0,0.05,33.99575222132179,33.987223205024826,33.97859400841092,33.96979850550276,33.96077158197611,33.951449579358695,33.94177077626464,33.93167591364472,33.92110876830012,33.910016775562916,33.89835169812732,33.88607033359671,33.87313524851227,33.85951552162817,33.845187474224,33.83013536058603,33.81435198777191,33.79783923075887,33.780608407425014,33.76268047786822,33.74408603461295,33.72486505448778,33.70506638945249,33.68474698234056,33.66397080412571,33.64280752151227,33.62133091681966,33.5996170955757,33.5777425301456,33.55578199925431,33.5338064925743,33.51188115589807,33.490063355192476,33.468400936644315,33.44693075450664,33.42567752927408,33.48645295210112,2.2886643562358702e-05,0.9985389449920774,-0.0036327060863499128,
84,0.1.1,84.0,0.05,33.995666401403845,33.986966270969276,33.97816755157535,33.96920522492075,33.960015351807904,33.950535537895334,33.94070543103657,33.93046725563153,33.91976638674176,33.90855196350312,33.896777537669585,33.88440174903487,33.87138901513824,33.85771021824712,33.84334336834281,33.82827421697728,33.81249679370799,33.79601383465576,33.77883707186418,33.760987352832096,33.742494562051,33.72339732073232,33.7037424471715,33.68358416826041,33.66298308228036,33.64200488390549,33.62071887381173,33.59919628680906,33.577508483315164,33.55572505856159,33.53391193149011,33.51212948025681,33.49043079314335,33.46886010218215,33.447451461843976,33.42622772684653,33.486835677983144,1.9136294101329554e-05,0.9951040053597779,-0.0034349396322994608,
85,0.1.1,85.0,0.05,33.9955819832124,33.986713576492754,33.97774827336835,33.96862222400411,33.95927271510822,33.949638653265,33.93966107450665,33.92928368411522,33.91845342808455,33.90712109463377,33.895241940725356,33.88277633481101,33.86969040314723,33.85595666316467,33.841554623750795,33.826471329145974,33.810701820712325,33.79424948936416,33.77712629118863,33.75935279993752,33.740958072784885,33.72197931009004,33.70246129586005,33.682455613039146,33.662019636424105,33.641215315560906,33.62010776996935,33.59876372894106,33.57724985738563,33.55563101717608,33.5339685196098,33.512318428473726,33.49072997441276,33.469244139623584,33.44789246728286,33.426696142698866,33.4871490019479,1.5666198237695995e-05,0.9918441459220162,-0.0032598594377617474,
86,0.1.1,86.0,0.05,33.995499049292505,33.98646536407127,33.97733656073922,33.968050008498835,33.9585442607219,33.94875955209949,33.93863831689656,33.92812573099659,33.91717027801144,33.905724336906786,33.893744785442,33.881193610358764,33.868038511816536,33.85425348623354,33.83981936864108,33.82472431310568,33.80896418793434,33.79254286146443,33.77547235444272,33.757772836471986,33.73947244685021,33.72060692437756,33.70121903631096,33.681357803463854,33.661077526247986,33.64043662491074,33.6194963159402,33.598319155131726,33.57696748564918,33.55550183607908,33.53397931851297,33.51245207970939,33.490965859092064,33.46955870556625,33.44825990085736,33.427089130420526,33.48739800017109,1.2449911159606587e-05,0.9887399008409403,-0.0031042450810758737,
87,0.1.1,87.0,0.05,33.995417668967725,33.98622183662657,33.97693273512659,33.96748899345851,33.957830462996384,33.94789872495656,33.93763761412082,33.9269937603336,33.91591714704967,33.904361683617324,33.89228578512829,33.87965295066228,33.86643232774212,33.85259924795027,33.838135716117584,33.823030833461885,33.807281133716025,33.790890810815576,33.77387181726872,33.75624381402036,33.73803395551422,33.71927649775444,33.70001222240437,33.680287676190844,33.66015423188648,33.63966698462937,33.61888350495692,33.59786247728419,33.57666225923276,33.555339402803064,33.53394718250488,33.51253417790055,33.49114295834115,33.469808915863005,33.44855928825363,33.427412408313614,33.487587284594795,9.464221185240263e-06,0.9857744969170597,-0.0029654039238806718,
88,0.1.1,88.0,0.05,33.99533789875775,33.98598315888152,33.97653705504667,33.9669395075163,33.95713168828419,33.94705653561807,33.93665928037283,33.92588798453716,33.914694090433365,33.90303297664278,33.890864514171504,33.87815361371874,33.86487075229305,33.85099246498937,33.836501785648146,33.82138861853165,33.805650022227915,33.7892903868767,33.77232148662287,33.754762391026574,33.736639222034036,33.71798474702155,33.698837803290736,33.67924255507085,33.659247590370825,33.63890487165401,33.618268560974165,33.597393746570646,33.57633510361981,33.55514552653465,33.533874773581964,33.51256816638887,33.49126538695269,33.46999941295763,33.44879562854426,33.42767114228787,33.487721057953515,6.6886679359612344e-06,0.9829334239953056,-0.002841072921754062,
89,0.1.1,89.0,0.05,33.995259783022924,33.98574945936605,33.97614971966717,33.96640179833608,33.956448202633794,33.94623323137205,33.93570350126544,33.92480848047674,33.91350102704867,33.901737927811084,33.88948043108524,33.876694764185274,33.86335262446706,33.84943163062971,33.834915719278406,33.81979547055008,33.804068346021054,33.78773882227683,33.77081840452306,33.75332550651396,33.73528518588751,33.71672872769645,33.697693073425214,33.67822009794889,33.65835574252946,33.63814901782144,33.617650896700546,33.59691312223947,33.57598696103213,33.554921936021394,33.5337645757548,33.512557218366815,33.49133690841761,33.47013442293764,33.44897345965102,33.42787001548214,33.487803160837615,4.105144205013289e-06,0.9802040831848444,-0.002729340810461167,
90,0.1.1,90.0,0.05,33.99518335476381,33.9855208328631,33.97577087303227,33.965876038809355,33.95578018017148,33.94542895376143,33.93477034703949,33.923755205095304,33.91233775720254,33.90047613833289,33.88813289885495,33.875275493632955,33.8618767398244,33.847915230978316,33.833375693683095,33.818249272128014,33.8025337256406,33.786233524639364,33.769359831572146,33.75193035533501,33.73396907038902,33.71550579527236,33.696575629357625,33.67721825139717,33.657477088458435,33.637398369064016,33.61703007947846,33.59642084686788,33.57561877724157,33.55467027942038,33.53361890854708,33.51250426368631,33.491360973736825,33.47021780414769,33.449096913812475,33.428013287109394,33.487837112138635,1.6975650510175912e-06,0.9775754971344099,-0.0026285860504344782,
91,0.1.1,91.0,0.05,33.99510863651668,33.985297343121886,33.9754006086674,33.965362333651676,33.95512771178452,33.944643749404584,33.93385978548444,33.92272801026146,33.91120397907069,33.899247116316545,33.88682120279055,33.87389483781784,33.86044186610301,33.8464417577567,33.83187992893063,33.816747989876355,33.801043907170104,33.78477206739058,33.767943230755,33.750574365138014,33.732688353509616,33.71431357108807,33.69548333232509,33.676235212101055,33.65661025004729,33.63665205154076,33.616405803423575,33.595917226660845,33.57523149174515,33.55439212547402,33.53343993958695,33.512412012506516,33.49134075499018,33.470253088828954,33.44916976485039,33.428104842486455,33.48782614396331,-5.484087662210869e-07,0.9750380701084538,-0.0025374270259561627,
92,0.1.1,92.0,0.05,33.995035641297974,33.98507902570209,33.97503897435045,33.964860726129125,33.95449081380842,33.943877580596,33.93297169432019,33.92172665668548,33.91009930376123,33.89805029243982,33.88554456611287,33.87255179135176,33.85904675604004,33.845009718288416,33.83042669466761,33.81528967591222,33.79959675836159,33.78335218007512,33.766566251832316,33.749255175116915,33.73144074167455,33.71314991227548,33.694414275825956,33.675269393837226,33.65575403933612,33.635909343414724,33.615777866584,33.59540261572214,33.57482603050298,33.55408896557314,33.53322969626794,33.5122829761941,33.49127917448859,33.47024351896008,33.44919546866065,33.42814823580098,33.487773231900505,-2.645603140294384e-06,0.9725833882838799,-0.0024546818245738677,
93,0.1.1,93.0,0.05,33.99496437356115,33.98486589084348,33.97468597688645,33.964371204712656,33.95386943649975,33.94313033547953,33.93210587287327,33.920750826800706,33.909023268989216,33.89688503388494,33.88430216350161,33.87124532011944,33.85769015785135,33.84361764321663,33.82901431428974,33.81387246780259,33.79819026384173,33.781971738548336,33.7652267165295,33.7479706165319,33.73022414629074,33.712012885299714,33.69336675747123,33.67431939916336,33.65490743170971,33.63516965124866,33.61514615214576,33.5948774034678,33.574403300634586,33.5537622163928,33.532990076495416,33.51211948583299,33.49117893018738,33.47019207724783,33.44917719807104,33.428146726855815,33.48768112136412,-4.605526819290162e-06,0.970204052690633,-0.0023793355932468785,
94,0.1.1,94.0,0.05,33.99489483013912,33.984657926282686,33.97434158676573,33.96389370951314,33.95326347214001,33.94240183765445,33.93126205294487,33.91980013656739,33.907975351396644,33.8957506566614,33.883093132823696,33.86997437175107,33.85637082375306,33.842264092386436,33.82764116755161,33.81249458737542,33.79682251975862,33.78062875530174,33.76392260463226,33.746718694939304,33.72903666275537,33.710900742656776,33.692339254511815,33.673383995088074,33.6540695431196,33.63443249019509,33.614510612915666,33.594342004537154,33.57396418661463,33.55341322287584,33.53272285855655,33.511923708651324,33.49104251792078,33.47010151403863,33.44911787298733,33.428103312788295,33.487552350607096,-6.438537851138904e-06,0.9678935388209169,-0.0023105138697161465,
95,0.1.1,95.0,0.05,33.99482700115213,33.984455099961004,33.974005742620434,33.96342813839537,33.95267276266743,33.9416918551273,33.930439908817796,33.91887414619637,33.90695497757849,33.89464643644869,33.88191658524713,33.868737884421655,33.85508751684934,33.84094765924728,33.82630569197367,33.81115433872788,33.79549172813626,33.77932137009448,33.76265204103919,33.74549757403965,33.72787655170452,33.709811902342594,33.69133040252842,33.672462092112234,33.65323961067263,33.63369746731788,33.61387125847143,33.5937968506981,33.573509547618286,33.553043261404305,33.53242971016491,33.511697662631214,33.49087225092205,33.46997437078174,33.44902018657681,33.428020755572796,33.48738927089867,-8.153985421444076e-06,0.9656460781253173,-0.002247460695599557,
96,0.1.1,96.0,0.05,33.994760870868205,33.984257362584785,33.973678355422315,33.96297435270486,33.95209710677368,33.94100010856314,33.92963906638634,33.91797236981866,33.905961533892345,33.893571618092295,33.88077161392865,33.86753479421436,33.8538390166592,33.83966697406538,33.825006383330795,33.80985010568436,33.79419619113141,33.77804784100203,33.76141328377998,33.74430556103672,33.72674222227492,33.708744929752726,33.69033897684654,33.67155272613414,33.65241697604342,33.632964267508726,33.61322814449218,33.59324238435037,33.57304021574796,33.552653543045395,33.53211219673658,33.511443229529576,33.49067027701626,33.46981300056292,33.44888662810154,33.42790160596558,33.487194064274036,-9.760331231589704e-06,0.9634565575686906,-0.0021895205566266895,
97,0.1.1,97.0,0.05,33.99469641850706,33.98406465001446,33.97335931238714,33.96253218256948,33.951536266433365,33.94032627882036,33.9288591114193,33.91709428414618,33.90499437513762,33.892525423882155,33.87965730144591,33.8663640412528,33.85262412351019,33.838420706181445,33.823741795445805,33.80858034889533,33.79293430533057,33.77680653594907,33.76020471298025,33.74314109339376,33.72563221716881,33.707698521713404,33.68936387630309,33.67065504279385,33.651601071264224,33.632232641562844,33.612581363878796,33.592679053315024,33.572556994935574,33.552245216793054,33.531771788957,33.51116216650777,33.49043859381038,33.46961958613838,33.448719502905455,33.42774822443341,33.48696875919838,-1.1265253782610786e-05,0.9613204341602426,-0.002136123408448043,
98,0.1.1,98.0,0.05,33.99463361898298,33.983876885468845,33.97304848056754,33.96210143175855,33.950989972857236,33.939670013775626,33.9280995969855,33.9162393361817,33.904052832194836,33.8915070607372,33.87857272612786,33.86522457477968,33.85144166198996,33.83720756550457,33.82251053946365,33.807343602720955,33.79170455618375,33.77559592476109,33.75902482073521,33.74200272687169,33.72454519932971,33.70667149238186,33.68840410904602,33.66976828390085,33.6507914065226,33.631502396058096,33.61193103934941,33.592107306662264,33.572060660361444,33.55181937275087,33.53140986969697,33.51085611654028,33.49017906215354,33.46939615582633,33.44852094997238,33.427562799512394,33.48671524443234,-1.2675738302192486e-05,0.9592336619662234,-0.002086772194019204,
99,0.1.1,99.0,0.05,33.99457244358455,33.98369398153993,33.97274571012933,33.9616818820985,33.95045793187694,33.93903093446111,33.927360050083635,33.91540695004301,33.903136218715204,33.890515726411074,33.87751696742009,33.864115357334036,33.85029048361453,33.83602630339689,33.82131128274388,33.806138472007,33.79050551263961,33.774414571746235,33.75787220184355,33.74088912473708,33.72347994005501,33.705662760786566,33.68745878009449,33.66889177564569,33.649987559660985,33.630773384746114,33.61127731725563,33.59152759138014,33.5715519582669,33.551377045220164,33.531027740333805,33.51052661774987,33.489893418097886,33.46914459755523,33.448292957402,33.42734736396828,33.48643528134078,-1.3998154577876677e-05,0.957192629554342,-0.0020410324118813605,
100,0.1.1,100.0,0.05,33.9945128605915,33.983515842019145,33.97245083731531,33.9612732974551,33.949939828781055,33.93840864054723,33.92663997752621,33.91459653297018,33.90224383694911,33.88955061482602,33.876489110407114,33.86303536815828,33.84916946884598,33.83487571307404,33.8201427474782,33.804963628831516,33.78933582202289,33.773261128803206,33.756745545346725,33.73979904803279,33.722435308388384,33.70467133980709,33.68652708042616,33.668024918343136,33.64918916712273,33.63004550121544,33.61062036241227,33.590940349726694,33.5710316060656,33.55091921566976,33.530626626530754,33.51017511179719,33.48958328355596,33.46886667131994,33.44803737609411,33.42710380906765,33.486130514849954,-1.5238324541400062e-05,0.9551941062135398,-0.001998523340802194,
101,0.1.1,101.0,0.05,33.99445483583019,33.9833423635408,33.97216368710724,33.96087542730004,33.94943533263007,33.937802715210765,33.925938871131535,33.913807480585064,33.901374982797755,33.88861092063254,33.875488249599094,33.86198360594753,33.848077528570315,33.8337546296224,33.81900370911661,33.80381780927984,33.78819420517825,33.77213432903985,33.75564362681584,33.738731346810674,33.721410261651165,33.703696326418424,33.68560827739154,33.66716717749342,33.648395916131655,33.62931867262833,33.60996035377158,33.59034601713845,33.570500292679526,33.550446815573984,33.530207683524026,33.50980295143575,33.48925017582111,33.468564020258015,33.447755931885155,33.4268338972197,33.48580248322726,-1.640158113467294e-05,0.9532351955836873,-0.0019589106298525394,
102,0.1.1,102.0,0.05,33.99439833317062,33.98317343705097,33.97188407560122,33.960488009885324,33.9489441000831,33.93721272943203,33.92525621227971,33.91303918147128,33.90052895016764,33.88769584308392,33.87451349207817,33.860959091037614,33.8470136051277,33.83266192971478,33.81789299466617,33.802699810288026,33.78707945189132,33.77103298088013,33.75456530132818,33.737684952232996,33.72040383698684,33.702736893047,33.684701706283256,33.66631807598035,33.647607537926135,33.62859285436661,33.60929748080322,33.58974502059323,33.56995867904244,33.54996072911163,33.52977200096283,33.50941140732888,33.48889551609353,33.46823818052598,33.447450236342995,33.42653927320774,33.48545262683227,-1.749281974952055e-05,0.9513132955450772,-0.001921900038610147,
103,0.1.1,103.0,0.05,33.99434331496822,33.98300894911229,33.97161181211421,33.960110775051525,33.9484657787718,33.936638245766666,33.92459147588827,33.91229102114005,33.899705034701874,33.886804589306195,33.8735639600883,33.85996086711485,33.84597667297213,33.83159653109057,33.81680948091193,33.80160848658278,33.78599041658923,33.76995596263264,33.75350949707672,33.73665886945648,33.71941514380624,33.701792279904545,33.68380676291232,33.66547718725234,33.64682380189718,33.627868025449565,33.60863194046612,33.58913777734445,33.56940739872593,33.54946179572372,33.52932060734427,33.50900167421272,33.48852063713404,33.46789059012872,33.44712179639474,33.42622147419543,33.485082295966485,-1.8516543289237576e-05,0.9494260634490246,-0.0018872320960525713,
104,0.1.1,104.0,0.05,33.99428974245427,33.982848783056184,33.971346701041526,33.959743446698,33.94800001025822,33.9360788216375,33.92394413386136,33.91156238544402,33.898902536956804,33.88593637703592,33.8726387931419,33.85898800251845,33.84496573902502,33.8305573918535,33.81575209259772,33.80054274773607,33.784926014315936,33.76890221749172,33.75247520955811,33.735652171220636,33.71844335703354,33.70086178818284,33.682922897063236,33.66464412935469,33.646044510503266,33.627144184609016,33.60796393467742,33.58852469395967,33.5688470586535,33.5489508125312,33.52885447408092,33.50857487647905,33.48812679015101,33.467522596833,33.44677202293629,33.425881938665434,33.484692757931334,-1.9476901757542465e-05,0.9475713858942214,-0.0018546775548031746,
105,0.1.1,105.0,0.05,33.99423757607897,33.98269281999451,33.97108854348497,33.95938574494309,33.947546432612874,33.93553401219089,33.923313658064544,33.910852663496726,33.898120765086304,33.8850904368908,33.87173714970833,33.858039591196835,33.843979842776584,33.829543509630206,33.81471980059542,33.79950155534544,33.78388521697384,33.76787074894093,33.75146149628789,33.734663992068505,33.717487711063974,33.69994477400723,33.682049606717804,33.66381855970071,33.64526949485443,33.62642134692542,33.60729366820059,33.587906165608814,33.56827823987569,33.54842853661599,33.528374519235975,33.508132073242066,33.48771515101109,33.46713546527729,33.44640223855074,33.425522014424786,33.48428520338879,-2.0377727127396385e-05,0.9457473523948892,-0.001824033499332245,
106,0.1.1,106.0,0.05,33.99418677581111,33.9825409397026,33.97083713867205,33.959037388002486,33.94710468264864,33.93500337275993,33.92269952287363,33.910161250151795,33.89735903709108,33.88426601423147,33.8708582085407,33.85711475337023,33.84301805618007,33.82855392062408,33.813711620084185,33.79848392034591,33.78286704981981,33.766860616529215,33.75046747199472,33.733693523135365,33.716547494354316,33.69904064305897,33.68118643295169,33.663000170485304,33.64449861087353,33.62569954094398,33.606621346887195,33.58728257555687,33.567701498385055,33.547895687170154,33.527881610956605,33.50767426294544,33.48728682585261,33.46673038337463,33.446013684444914,33.42514296579243,33.483860752106274,-2.1222564125622512e-05,0.943952232391851,-0.0017951200030381642,
107,0.1.1,107.0,0.05,33.994137301398325,33.98239302138565,33.970592285185504,33.958698093812465,33.94667439784438,33.934486460974895,33.92210120734316,33.90948754809096,33.89661668268428,33.883462370666024,33.87000116969094,33.856212635944665,33.84207948337687,33.82758769859279,33.81272660875552,33.79748890045531,33.78187058820237,33.7658709319903,33.74949230424937,33.7327400074467,33.71562204457594,33.69814884578803,33.68033295542077,33.66218868465781,33.64373173595702,33.624978806202094,33.60594717621804,33.58665429482469,33.56711736595508,33.547352947519315,33.52737657063453,33.50720238755947,33.48684285616977,33.4663084680919,33.4456075266977,33.42474598006753,33.48342045815679,-2.2014697474048717e-05,0.9421844551426517,-0.0017677772491992982,
108,0.1.1,108.0,0.05,33.99408911259178,33.98224894433956,33.97035378202196,33.95836758142374,33.94625521799005,33.933982838558244,33.92151819703633,33.908830969565926,33.89589304482004,33.88267878524357,33.869165255256505,33.855332412716216,33.84116326028409,33.826643953771715,33.81176386505577,33.79651559775213,33.7808949545257,33.7649008556777,33.74853520948718,33.73180273567278,33.714710744268295,33.69726887314731,33.67948878836517,33.66138385238277,33.64296876606812,33.62425919111024,33.60527136009781,33.58602168198733,33.56652635099005,33.54680096702635,33.52686017581852,33.50671733641157,33.486384223427365,33.46587077067783,33.44518486190136,33.42433217336412,33.48296531463578,-2.2757176050802743e-05,0.9404425920946551,-0.0017418630479966168,
109,0.1.1,109.0,0.05,33.9940421693388,33.98210858851726,33.970121429497134,33.95804557218973,33.945846786583246,33.933492072838725,33.92094998555483,33.908190937835194,33.89518748092677,33.88191455537757,33.868349709897004,33.85447328439875,33.840268554071365,33.82572183176176,33.81082252647427,33.79556315638296,33.77993931542581,33.76394959328876,33.747595449386715,33.73088104229249,33.713813016937344,33.69640025278768,33.67865357706795,33.660585447926806,33.64220961320528,33.62354075113671,33.60459409986482,33.58538508308509,33.56592893937664,33.546240362882315,33.526333162902496,33.50621994968868,33.48591185325768,33.465418281402606,33.44474672226628,33.42390259588623,33.482496257948505,-2.345283436362422e-05,0.9387253414097501,-0.001717250684905025,
110,0.1.1,110.0,0.05,33.99399643194683,33.981971835010164,33.96989503001412,33.95773179077173,33.945448752004516,33.93301373801669,33.9203960758037,33.9075668883325,33.89449936388251,33.881168997535354,33.867553801153925,33.85363447850408,33.83939456254939,33.82482051239617,33.80990176788285,33.7946307603954,33.77900287914435,33.76301639285292,33.746672327570174,33.72997430212386,33.71292832355013,33.695542545660736,33.677826994713875,33.65979326691795,33.64145420319657,33.622823547254214,33.603915593483485,33.58474483162663,33.56532559532949,33.545671721791166,33.52579622960935,33.50571102164532,33.48542661928526,33.46495193386347,33.44429408024977,33.42345823670701,33.48201417171496,-2.4104311677319856e-05,0.9370315143513182,-0.001693827058431907,
111,0.1.1,111.0,0.05,33.99395186122195,33.981838566454385,33.96967438870979,33.95742596598121,33.94506076849672,33.93254741620928,33.91985598102285,33.90695826960037,33.89382808276578,33.88044144772562,33.86677681960276,33.852815249098974,33.83854051348896,33.82393920859804,33.8090007999303,33.79371763169129,33.77808489308603,33.76210054196164,33.74576518659456,33.729081927183316,33.71205615938204,33.69469534298236,33.67700873960036,33.65900712393136,33.64070247377777,33.62210764461234,33.603236034891864,33.58410124866679,33.56471676222531,33.54509560155458,33.52525003728944,33.5051913035474,33.4849293466192,33.464472608904394,33.443827852762496,33.42300002810824,33.481519890333395,-2.4714069078157766e-05,0.9353600232992534,-0.0016714910520647663,
112,0.1.1,112.0,0.05,33.99390841858469,33.98170866736991,33.96945931399315,33.9571278314783,33.944682496971254,33.932092698302,33.91932922561389,33.906364544018466,33.89317304341163,33.87973126181238,33.86601807886284,33.852014876460686,33.83770566388647,33.82307716523799,33.80811886749393,33.792823028094524,33.777184641545965,33.761201365218255,33.74487340520549,33.7282033638394,33.71119605117809,33.69385826351598,33.67619853265858,33.658226850360734,33.63995437291733,33.62139311140487,33.60255561348127,33.583454642945206,33.564102863421304,33.54451253256354,33.52469521305033,33.50466150637803,33.48442081504796,33.463981138191365,33.443348904998594,33.42252884952831,33.48101420223853,-2.5284404743075586e-05,0.9337098711648224,-0.0016501521344309822,
113,0.1.1,113.0,0.05,33.993866066165765,33.981582024440755,33.969249617988446,33.95683712634329,33.9443136056622,33.93164918463031,33.91881534578805,33.90578518835339,33.89253366879923,33.87903781568003,33.865276915486945,33.85123266664871,33.836889299189046,33.82223365799949,33.80725524818929,33.79194624152778,33.77630144359414,33.76031822188871,33.74399639582788,33.72733809023047,33.71034755459416,33.693030951139136,33.67539611524841,33.65745229254069,33.63920985735675,33.62068001790567,33.6018745136879,33.582805311073535,33.56348430305479,33.54392301920255,33.524132351732945,33.50412230332901,33.48390176196774,33.463478307479974,33.4428580539304,33.42204553116178,33.48049785288645,-2.5817467604127843e-05,0.9320801420562788,-0.0016297291085436427,
114,0.1.1,114.0,0.05,33.9938247668843,33.98145852674303,33.96904511689433,33.956553595536576,33.9439537706468,33.931216485512685,33.918313890058165,33.905219694153615,33.89190939929435,33.878360505271644,33.86455268875041,33.85046795100917,33.83609073249088,33.821407992257825,33.80640925093821,33.791086596292,33.77543465110508,33.75945050373505,33.74313360227072,33.72648561391934,33.70951025188777,33.69221307266153,33.67460124719494,33.65668331008929,33.63846889133867,33.61996843565002,33.601192914679665,33.58215353776155,33.56286146682179,33.543327541172175,33.52356201774768,33.50357433209884,33.48337288507122,33.46296485960747,33.44235607150314,33.42155085724717,33.479971547493925,-2.631526962630915e-05,0.9304699930063833,-0.0016101490498954263,
115,0.1.1,115.0,0.05,33.99378448451045,33.981338065927325,33.96884563126944,33.95627699026105,33.943602676249455,33.93079422165416,33.91782441959539,33.90466756801085,33.89129969276753,33.87769874651957,33.86384478035603,33.8497200856248,33.83530930370973,33.82059950197739,33.80558021459447,33.79024344744275,33.774583646921236,33.75859763301551,33.74228449762524,33.72564546976019,33.70868374983162,33.691404315866116,33.67381370503838,33.65591977444413,33.637731445499156,33.61925843674214,33.60051099012397,33.58149959607381,33.562234722732995,33.54272655473535,33.52298474678254,33.50301819701557,33.482834844820935,33.462441497237805,33.441843687561146,33.4210455690764,33.47943595355708,-2.6779696842282874e-05,0.9288786466508014,-0.0015913463555818907,
116,0.1.1,116.0,0.05,33.99374518371449,33.9812205363611,33.96865098625384,33.95600706823931,33.94326001534409,33.93038202443753,33.91734650846887,33.90412833170629,33.8907040246059,33.87705197518527,33.86315259406991,33.84898845072251,33.834544378751836,33.819807548630706,33.80476750662634,33.78941617925794,33.773747843139844,33.7577590606363,33.74144858233758,33.724817217956264,33.707867677825874,33.6906043877486,33.67303328047273,33.655161567568655,33.636997495903145,33.61855009327141,33.59982890802388,33.58084374771003,33.56160442184616,33.54212049389259,33.52240104739459,33.50245447100127,33.48228826672859,33.461908885384425,33.44132159253305,33.42053036775415,33.47889170317122,-2.721251929287405e-05,0.9273053847344244,-0.0015732619163770778,
117,0.1.1,117.0,0.05,33.99370683010411,33.981105835236335,33.96846101173441,33.95574359391681,33.942925489568594,33.92997953611735,33.9168797437846,33.903601522258455,33.89012188763501,33.87641964662304,33.86247555530037,33.84827245004806,33.833795348671615,33.81903152014235,33.803970521854566,33.788604203791,33.77292667951358,33.75693426444184,33.74062538243936,33.72400044228879,33.707061686188105,33.68981301293314,33.67225977895142,33.65440858080824,33.63626702320523,33.617843476823,33.599146830612256,33.58018624330328,33.560970898974325,33.541509771490595,33.521811402494265,33.50188369739262,33.481733743458854,33.461367653733156,33.440790439900304,33.420005916732755,33.47833939517124,-2.7615399999092462e-05,0.925749542343496,-0.0015558423909283192,
118,0.1.1,118.0,0.05,33.993669390251476,33.980993862646955,33.968275542461846,33.955486338601006,33.94259880946311,33.92958640993033,33.916423725738035,33.90308669188724,33.88955279196446,33.87580123548066,33.86181311063154,33.84757151021683,33.833061628831764,33.81827082985956,33.80318868124422,33.78780695950454,33.77211962195591,33.75612274763073,33.73981444792098,33.72319474849984,33.706265444602046,33.68902993224488,33.67149301844069,33.653660713878175,33.63554001191992,33.61713865806991,33.59846491429482,33.57952732273126,33.560334473369444,33.54089478026903,33.521216270731856,33.50130639163078,33.481171836774685,33.46081839878462,33.440250848470676,33.41947284414529,33.477779597109674,-2.7989903078307067e-05,0.9242105027716434,-0.0015390395718526406,
119,0.1.1,119.0,0.05,33.99363283171132,33.980884521640014,33.96809441812558,33.955235080545165,33.94227969454294,33.92920231013395,33.915978067592945,33.902583407906796,33.88899626477003,33.87519623534807,33.86116472732064,33.84688508004761,33.83234265806829,33.81752491555114,33.802421430748744,33.78702390997931,33.7713261611433,33.755324037287025,33.73901535123416,33.72239976281368,33.70547864070845,33.68825490142223,33.67073282830419,33.652917873968,33.63481644978784,33.616435706435546,33.59778330963433,33.57886721543659,33.55969544938163,33.54027589384897,33.52061608779385,33.50072304283232,33.48060307933893,33.460261685833686,33.43970340447563,33.41893174495629,33.477212847088055,-2.833750108095501e-05,0.9226876929654395,-0.0015228098062038953,
120,0.1.1,120.0,0.05,33.993597123031485,33.98077771824456,33.96791748339297,33.954989604984796,33.94196787331549,33.92882691198404,33.91554239559788,33.902091252558975,33.888451850022726,33.87460415836392,33.86052989276748,33.84621262988563,33.831637897864134,33.81679323843575,33.80166824020434,33.78625454269387,33.770545811206496,33.75453768301623,33.73822768591144,33.721615130582784,33.70470097882319,33.68748768995359,33.6699790483035,33.65217997494821,33.63409632722563,33.61573468981705,33.59710216136914,33.578206140752805,33.559054117094,33.53965346766749,33.520011267616695,33.500134115251676,33.480027976385415,33.459698050801265,33.4391486635086,33.41838318294816,33.476639655454726,-2.865958166644589e-05,0.9211805794430319,-0.0015071135224076215,
